Item name,Variations,Option set 1,Option 1,Option set 2,Option 2,Option set 3,Option 3,Option set 4,Option 4,Is variation visible? (Yes/No),Price,Cost price,Variable price? (Yes/No),Tax rate (%),On sale in Online Store?,Regular price (before sale),Set up different prices and VAT for takeaway,Takeaway price,Takeaway tax rate,Unit,Track inventory? (Yes/No),Quantity,Low stock threshold,SKU,Barcode,Modifiers,Description (Online Store and Invoices only),Category,Display item at Checkout? (Yes/No),Display colour in POS checkout,Image 1,Image 2,Image 3,Image 4,Image 5,Image 6,Image 7,Display item in Online Store? (Yes/No),SEO title (Online Store only),SEO description (Online Store only),Shipping weight [kg] (Online Store only),Display service in Bookings? (Yes/No),Duration [minutes] (Bookings only),Location [business/customer] (Bookings only),Item id (Do not change),Variant id (Do not change)
BAGGIO Pure de tomate De La Huerta,,,,,,,,,,,1000,,No,19.00,No,,No,,,each.each,Yes,0,,V-ABA-001,,,,Abarrotes,Yes,Yellow,,,,,,,,Yes,BAGGIO Pure de tomate De La Huerta,,,,,,,
GOURMET Caldo en polvo Variedades,,,,,,,,,,,,,No,19.00,No,,No,,,each.each,No,,,,,,,Abarrotes,Yes,Yellow,,,,,,,,Yes,GOURMET Caldo en polvo Variedades,,,,,,,
,Carne,,,,,,,,,Yes,750,,,,,,,,,,Yes,3,,V-ABA-002-Carn,,,,,,,,,,,,,,,,,,,,,,
,Pollo,,,,,,,,,Yes,750,,,,,,,,,,Yes,5,,V-ABA-002-Poll,,,,,,,,,,,,,,,,,,,,,,
,Verduras,,,,,,,,,Yes,750,,,,,,,,,,Yes,5,,V-ABA-002-Verd,,,,,,,,,,,,,,,,,,,,,,
EMUBABY Toallitas Húmedas Sin Alcohol 100 Un,,,,,,,,,,,1100,,No,19.00,No,,No,,,each.each,Yes,11,,V-BEB-002,,,,Bebe,Yes,,,,,,,,,Yes,EMUBABY Toallitas Húmedas Sin Alcohol 100 Un,,,,,,,
Pañal Babysec Premium,,,,,,,,,,,,,No,19.00,No,,No,,,each.each,No,,,,,,,Bebe,Yes,,,,,,,,,Yes,Pañal Babysec Premium,,,,,,,
,Extra Extra Grande,,,,,,,,,Yes,2800,,,,,,,,,,Yes,0,,V-BEB-001-XXG,,,,,,,,,,,,,,,,,,,,,,
,Extra Grande,,,,,,,,,Yes,2800,,,,,,,,,,Yes,0,,V-BEB-001-XG,,,,,,,,,,,,,,,,,,,,,,
,Grande,,,,,,,,,Yes,2800,,,,,,,,,,Yes,0,,V-BEB-001-G,,,,,,,,,,,,,,,,,,,,,,
,Mediana,,,,,,,,,Yes,2800,,,,,,,,,,Yes,0,,V-BEB-001-M,,,,,,,,,,,,,,,,,,,,,,
,Pequeña,,,,,,,,,Yes,2800,,,,,,,,,,Yes,0,,V-BEB-001-P,,,,,,,,,,,,,,,,,,,,,,
,Recien Nacido,,,,,,,,,Yes,2800,,,,,,,,,,Yes,0,,V-BEB-001-RN,,,,,,,,,,,,,,,,,,,,,,
Billeteras Varon Surtidas,,,,,,,,,,,4000,,No,19.00,No,,No,,,each.each,Yes,4,,V-BOU-001,,,,Boutique,Yes,,,,,,,,,Yes,Billeteras Varon Surtidas,,,,,,,
Toalla Microfibra,,,,,,,,,,,5000,,No,19.00,No,,No,,,each.each,Yes,1,,V-BOU-002,,,,Boutique,Yes,,,,,,,,,Yes,Toalla Microfibra,,,,,,,
COLUN Leche Origen Chocolate 220 ml,,,,,,,,,,,600,,No,19.00,No,,No,,,each.each,Yes,0,,V-COL-001,,,,Colaciones,Yes,Light blue,,,,,,,,Yes,COLUN Leche Origen Chocolate 220 ml,,,,,,,
HOLY Nut Mix Variedades,,,,,,,,,,,,,No,19.00,No,,No,,,each.each,No,,,,,,,Colaciones,Yes,Light blue,,,,,,,,Yes,HOLY Nut Mix Variedades,,,,,,,
,Avellana Mix,,,,,,,,,Yes,950,,,,,,,,,,Yes,0,,V-COL-004-AvMx,,,,,,,,,,,,,,,,,,,,,,
,Coco Mix,,,,,,,,,Yes,950,,,,,,,,,,Yes,0,,V-COL-004-CoMx,,,,,,,,,,,,,,,,,,,,,,
,Nuez Mix,,,,,,,,,Yes,950,,,,,,,,,,Yes,0,,V-COL-004-NuMx,,,,,,,,,,,,,,,,,,,,,,
HOLY Snackbar Variedades,,,,,,,,,,,,,No,19.00,No,,No,,,each.each,No,,,,,,,Colaciones,Yes,Light blue,,,,,,,,Yes,HOLY Snackbar Variedades,,,,,,,
,Avena Chocolate,,,,,,,,,Yes,950,,,,,,,,,,Yes,1,,V-COL-005-AvCh,,,,,,,,,,,,,,,,,,,,,,
,Avena Semillas,,,,,,,,,Yes,950,,,,,,,,,,Yes,1,,V-COL-005-AvSe,,,,,,,,,,,,,,,,,,,,,,
MIZOS Galletas de arroz integral 20g,,,,,,,,,,,600,,No,19.00,No,,No,,,each.each,Yes,13,,V-COL-008,,,,Colaciones,Yes,Light blue,,,,,,,,Yes,MIZOS Galletas de arroz integral 20g,,,,,,,
Nestle Chocapic 30g,,,,,,,,,,,550,,No,19.00,No,,No,,,each.each,Yes,2,,V-COL-007,,,,Colaciones,Yes,Light blue,,,,,,,,Yes,Nestle Chocapic 30g,,,,,,,
SMILEY KIDS Compota Manzana/Pera 100g,,,,,,,,,,,350,,No,19.00,No,,No,,,each.each,Yes,8,,V-COL-002,,,,Colaciones,Yes,Light blue,,,,,,,,Yes,SMILEY KIDS Compota Manzana/Pera 100g,,,,,,,
TIA LIA Snackbar Cranberry,,,,,,,,,,,200,,No,19.00,No,,No,,,each.each,Yes,0,,V-COL-003,,,,Colaciones,Yes,Light blue,,,,,,,,Yes,TIA LIA Snackbar Cranberry,,,,,,,
WATTS Jugo 100% Fruta,,,,,,,,,,,,,No,19.00,No,,No,,,each.each,No,,,,,,,Colaciones,Yes,Light blue,,,,,,,,Yes,WATTS Jugo 100% Fruta,,,,,,,
,Naranja,,,,,,,,,Yes,550,,,,,,,,,,Yes,5,,V-COL-006-Nara,,,,,,,,,,,,,,,,,,,,,,
,Naranja-Manzana,,,,,,,,,Yes,550,,,,,,,,,,Yes,3,,V-COL-006-NaMa,,,,,,,,,,,,,,,,,,,,,,
COLGATE Cepillo Adulto cerda media,,,,,,,,,,,500,,No,19.00,No,,No,,,each.each,Yes,11,,V-CPE-003,,,,Cuidado Personal,Yes,Dark green,,,,,,,,Yes,COLGATE Cepillo Adulto cerda media,,,,,,,
COLGATE Dentrifico Triple accion Menta 75ml,,,,,,,,,,,1250,,No,19.00,No,,No,,,each.each,Yes,12,,V-CPE-002,,,,Cuidado Personal,Yes,Dark green,,,,,,,,Yes,COLGATE Dentrifico Triple accion Menta 75ml,,,,,,,
DOVE Desodorante Variedades 45g,,,,,,,,,,,,,No,19.00,No,,No,,,each.each,No,,,,,,,Cuidado Personal,Yes,Dark green,,,,,,,,Yes,DOVE Desodorante Variedades 45g,,,,,,,
,Dama Aclarante,,,,,,,,,Yes,2800,,,,,,,,,,Yes,1,,V-CPE-001-MAcl,,,,,,,,,,,,,,,,,,,,,,
,Dama Original,,,,,,,,,Yes,2800,,,,,,,,,,Yes,1,,V-CPE-001-MOri,,,,,,,,,,,,,,,,,,,,,,
,Dama Tono Uniforme,,,,,,,,,Yes,2800,,,,,,,,,,Yes,1,,V-CPE-001-MTUn,,,,,,,,,,,,,,,,,,,,,,
,Varon Cremoso Confort Protection,,,,,,,,,Yes,2800,,,,,,,,,,Yes,2,,V-CPE-001-HCre,,,,,,,,,,,,,,,,,,,,,,
,Varon Cremoso Energy Boost,,,,,,,,,Yes,2800,,,,,,,,,,Yes,1,,V-CPE-001-HEnB,,,,,,,,,,,,,,,,,,,,,,
DOVE Jabon de Tocador 75g,,,,,,,,,,,1100,,No,19.00,No,,No,,,each.each,Yes,1,,V-CPE-004,,,,Cuidado Personal,Yes,Dark green,,,,,,,,Yes,DOVE Jabon de Tocador 75g,,,,,,,
ELITE Pañuelos Triple Hoja 10 Un,,,,,,,,,,,200,,No,19.00,No,,No,,,each.each,Yes,14,,V-CPE-007,,,,Cuidado Personal,Yes,Dark green,,,,,,,,Yes,ELITE Pañuelos Triple Hoja 10 Un,,,,,,,
LUX Jabon de tocador Variedades,,,,,,,,,,,,,No,19.00,No,,No,,,each.each,No,,,,,,,Cuidado Personal,Yes,Dark green,,,,,,,,Yes,LUX Jabon de tocador Variedades,,,,,,,
,Azul Aqua Sparkle,,,,,,,,,Yes,450,,,,,,,,,,Yes,1,,V-CPE-005-Azul,,,,,,,,,,,,,,,,,,,,,,
,Blanco Velvet Touch,,,,,,,,,Yes,450,,,,,,,,,,Yes,1,,V-CPE-005-Blan,,,,,,,,,,,,,,,,,,,,,,
,Granada 70 gms,,,,,,,,,Yes,450,,,,,,,,,,Yes,4,,V-CPE-005-Rosa,,,,,,,,,,,,,,,,,,,,,,
,Violeta Magical Spell,,,,,,,,,Yes,450,,,,,,,,,,Yes,1,,V-CPE-005-Viol,,,,,,,,,,,,,,,,,,,,,,
PROTEX Jabon de Tocador Variedades,,,,,,,,,,,,,No,19.00,No,,No,,,each.each,No,,,,,,,Cuidado Personal,Yes,Dark green,,,,,,,,Yes,PROTEX Jabon de Tocador Variedades,,,,,,,
,Aloe Vera 125g,,,,,,,,,Yes,950,,,,,,,,,,Yes,3,,V-CPE-006-Aloe,,,,,,,,,,,,,,,,,,,,,,
,Avena 85g,,,,,,,,,Yes,800,,,,,,,,,,Yes,1,,V-CPE-006-Aven,,,,,,,,,,,,,,,,,,,,,,
,Glicerina Nutri Protect 125g,,,,,,,,,Yes,950,,,,,,,,,,Yes,8,,V-CPE-006-Glic,,,,,,,,,,,,,,,,,,,,,,
Audifono BT P9,,,,,,,,,,,,,No,19.00,No,,No,,,each.each,No,,,,,,,Electronica,Yes,Light red,,,,,,,,Yes,Audifono BT P9,,,,,,,
,Negro,,,,,,,,,Yes,5000,,,,,,,,,,Yes,1,,V-ELE-002-Negr,,,,,,,,,,,,,,,,,,,,,,
,Rojo,,,,,,,,,Yes,5000,,,,,,,,,,Yes,1,,V-ELE-002-Rojo,,,,,,,,,,,,,,,,,,,,,,
Audifonos BT Pro5S,,,,,,,,,,,8000,,No,19.00,No,,No,,,each.each,Yes,2,,V-ELE-003,,,,Electronica,Yes,Light red,,,,,,,,Yes,Audifonos BT Pro5S,,,,,,,
Set Luces de emergencia + Control Remoto,,,,,,,,,,,8000,,No,19.00,No,,No,,,each.each,Yes,3,,V-ELE-004,,,,Electronica,Yes,Light red,,,,,,,,Yes,Set Luces de emergencia + Control Remoto,,,,,,,
EVEREADY Ampolleta LED Variedades,,,,,,,,,,,,,No,19.00,No,,No,,,each.each,No,,,,,,,Ferreteria,Yes,Light green,,,,,,,,Yes,EVEREADY Ampolleta LED Variedades,,,,,,,
,45w,,,,,,,,,Yes,1000,,,,,,,,,,Yes,0,,V-FER-001-045w,,,,,,,,,,,,,,,,,,,,,,
ETO Lapiz pasta punta gruesa,,,,,,,,,,,,,No,19.00,No,,No,,,each.each,No,,,,,,,Libreria,Yes,Orange,,,,,,,,Yes,ETO Lapiz pasta punta gruesa,,,,,,,
,Azul,,,,,,,,,Yes,100,,,,,,,,,,Yes,47,,V-LIB-012-Azul,,,,,,,,,,,,,,,,,,,,,,
,Negro,,,,,,,,,Yes,100,,,,,,,,,,Yes,50,,V-LIB-012-Negr,,,,,,,,,,,,,,,,,,,,,,
FABER CASTELL Lapis grafito hexagonal HB,,,,,,,,,,,150,,No,19.00,No,,No,,,each.each,Yes,24,,V-LIB-011,,,,Libreria,Yes,Orange,,,,,,,,Yes,FABER CASTELL Lapis grafito hexagonal HB,,,,,,,
FACTIS Pack goma miga 2 un,,,,,,,,,,,2000,,No,19.00,No,,No,,,each.each,Yes,1,,V-LIB-010,,,,Libreria,Yes,Orange,,,,,,,,Yes,FACTIS Pack goma miga 2 un,,,,,,,
FACTIS Sucedaneo Goma de borrar miga S20,,,,,,,,,,,300,,No,19.00,No,,No,,,each.each,Yes,20,,V-LIB-009,,,,Libreria,Yes,Orange,,,,,,,,Yes,FACTIS Sucedaneo Goma de borrar miga S20,,,,,,,
FEMU Papel Lustre Surtido,,,,,,,,,,,600,,No,19.00,No,,No,,,each.each,Yes,6,,V-LIB-020,,,,Libreria,Yes,Orange,,,,,,,,Yes,FEMU Papel Lustre Surtido,,,,,,,
FEMU Pegamento en Barra 21 grs,,,,,,,,,,,700,,No,19.00,No,,No,,,each.each,Yes,12,,V-LIB-014,,,,Libreria,Yes,Orange,,,,,,,,Yes,FEMU Pegamento en Barra 21 grs,,,,,,,
FEMU Sacapuntas con deposito Colores,,,,,,,,,,,,,No,19.00,No,,No,,,each.each,No,,,,,,,Libreria,Yes,Orange,,,,,,,,Yes,FEMU Sacapuntas con deposito Colores,,,,,,,
,Amarillo,,,,,,,,,Yes,700,,,,,,,,,,Yes,3,,V-LIB-015-Amar,,,,,,,,,,,,,,,,,,,,,,
,Azul,,,,,,,,,Yes,700,,,,,,,,,,Yes,3,,V-LIB-015-Azul,,,,,,,,,,,,,,,,,,,,,,
,Rojo,,,,,,,,,Yes,700,,,,,,,,,,Yes,3,,V-LIB-015-Rojo,,,,,,,,,,,,,,,,,,,,,,
,Verde,,,,,,,,,Yes,700,,,,,,,,,,Yes,3,,V-LIB-015-Verd,,,,,,,,,,,,,,,,,,,,,,
MEIPAI Caja Lapices Colores Hexagonales 12+2 un,,,,,,,,,,,1500,,No,19.00,No,,No,,,each.each,Yes,3,,V-LIB-004,,,,Libreria,Yes,Orange,,,,,,,,Yes,MEIPAI Caja Lapices Colores Hexagonales 12+2 un,,,,,,,
OFFICE TREND Destacadores Pastel Variedades,,,,,,,,,,,,,No,19.00,No,,No,,,each.each,No,,,,,,,Libreria,Yes,Orange,,,,,,,,Yes,OFFICE TREND Destacadores Pastel Variedades,,,,,,,
,Amarillo Pastel,,,,,,,,,Yes,500,,,,,,,,,,Yes,3,,V-LIB-005-Amar,,,,,,,,,,,,,,,,,,,,,,
,Durazno Pastel,,,,,,,,,Yes,500,,,,,,,,,,Yes,2,,V-LIB-005-Dura,,,,,,,,,,,,,,,,,,,,,,
,Morado Pastel,,,,,,,,,Yes,500,,,,,,,,,,Yes,2,,V-LIB-005-Mora,,,,,,,,,,,,,,,,,,,,,,
,Verde Pastel,,,,,,,,,Yes,500,,,,,,,,,,Yes,2,,V-LIB-005-Verd,,,,,,,,,,,,,,,,,,,,,,
OMSO Plumon Pizarra Variedades,,,,,,,,,,,,,No,19.00,No,,No,,,each.each,No,,,,,,,Libreria,Yes,Orange,,,,,,,,Yes,OMSO Plumon Pizarra Variedades,,,,,,,
,Azul,,,,,,,,,Yes,300,,,,,,,,,,Yes,12,,V-LIB-008-Azul,,,,,,,,,,,,,,,,,,,,,,
,Negro,,,,,,,,,Yes,300,,,,,,,,,,Yes,9,,V-LIB-008-Negr,,,,,,,,,,,,,,,,,,,,,,
,Rojo,,,,,,,,,Yes,300,,,,,,,,,,Yes,12,,V-LIB-008-Rojo,,,,,,,,,,,,,,,,,,,,,,
PAPERONE Resma 500 hojas Carta,,,,,,,,,,,4400,,No,19.00,No,,No,,,each.each,Yes,0,,V-LIB-007,,,,Libreria,Yes,Orange,,,,,,,,Yes,PAPERONE Resma 500 hojas Carta,,,,,,,
PROARTE Cola fria 125 ml,,,,,,,,,,,1000,,No,19.00,No,,No,,,each.each,Yes,12,,V-LIB-019,,,,Libreria,Yes,Orange,,,,,,,,Yes,PROARTE Cola fria 125 ml,,,,,,,
"TORRE Cuaderno Tapa Blanda, Mat 7mm DBZ",,,,,,,,,,,2000,,No,19.00,No,,No,,,each.each,Yes,8,,V-LIB-006,,,,Libreria,Yes,Orange,,,,,,,,Yes,"TORRE Cuaderno Tapa Blanda, Mat 7mm DBZ",,,,,,,
V-STORE Compas Escolar,,,,,,,,,,,800,,No,19.00,No,,No,,,each.each,Yes,5,,V-LIB-018,,,,Libreria,Yes,Orange,,,,,,,,Yes,V-STORE Compas Escolar,,,,,,,
V-STORE Cuaderno College Mat 7 mm 70 hojas,,,,,,,,,,,800,,No,19.00,No,,No,,,each.each,Yes,12,,V-LIB-016,,,,Libreria,Yes,Orange,,,,,,,,Yes,V-STORE Cuaderno College Mat 7 mm 70 hojas,,,,,,,
V-STORE Ser 2 TIjeras Adulto,,,,,,,,,,,1500,,No,19.00,No,,No,,,each.each,Yes,1,,V-LIB-013,,,,Libreria,Yes,Orange,,,,,,,,Yes,V-STORE Ser 2 TIjeras Adulto,,,,,,,
V-STORE Tijeras Escolares Punta Roma,,,,,,,,,,,800,,No,19.00,No,,No,,,each.each,Yes,6,,V-LIB-017,,,,Libreria,Yes,Orange,,,,,,,,Yes,V-STORE Tijeras Escolares Punta Roma,,,,,,,
AILEDA Aromatizante Ambientador Spray 5 en 1 360 ml,,,,,,,,,,,,,No,19.00,No,,No,,,each.each,No,,,,,,,Limpieza,Yes,Pink,,,,,,,,Yes,AILEDA Aromatizante Ambientador Spray 5 en 1 360 ml,,,,,,,
,Coco Vainilla,,,,,,,,,Yes,1300,,,,,,,,,,Yes,3,,V-LIM-017-CoVa,,,,,,,,,,,,,,,,,,,,,,
,Lavanda,,,,,,,,,Yes,1300,,,,,,,,,,Yes,2,,V-LIM-017-Lava,,,,,,,,,,,,,,,,,,,,,,
,Limon,,,,,,,,,Yes,1300,,,,,,,,,,Yes,2,,V-LIM-017-Limo,,,,,,,,,,,,,,,,,,,,,,
,Mañana de campo,,,,,,,,,Yes,1300,,,,,,,,,,Yes,0,,V-LIM-017-MCam,,,,,,,,,,,,,,,,,,,,,,
,Naranja,,,,,,,,,Yes,1300,,,,,,,,,,Yes,2,,V-LIM-017-Nara,,,,,,,,,,,,,,,,,,,,,,
,Ocean Fresh,,,,,,,,,Yes,1300,,,,,,,,,,Yes,2,,V-LIM-017-OcFr,,,,,,,,,,,,,,,,,,,,,,
AILEDA Trapero Multiuso con ojal 12 hojas Variedades,,,,,,,,,,,,,No,19.00,No,,No,,,each.each,No,,,,,,,Limpieza,Yes,Pink,,,,,,,,Yes,AILEDA Trapero Multiuso con ojal 12 hojas Variedades,,,,,,,
,Coco,,,,,,,,,Yes,1850,,,,,,,,,,Yes,0,,V-LIM-030-Coco,,,,,,,,,,,,,,,,,,,,,,
,Lavanda,,,,,,,,,Yes,1850,,,,,,,,,,Yes,2,,V-LIM-030-Lava,,,,,,,,,,,,,,,,,,,,,,
AIMEISHANG Film plastico cocina 30 cm x 15 m,,,,,,,,,,,1000,,No,19.00,No,,No,,,each.each,Yes,0,,V-LIM-012,,,,Limpieza,Yes,Pink,,,,,,,,Yes,AIMEISHANG Film plastico cocina 30 cm x 15 m,,,,,,,
BIDS Servilleta Papel 24 x 24 cm 300 un,,,,,,,,,,,1050,,No,19.00,No,,No,,,each.each,Yes,14,,V-LIM-036,,,,Limpieza,Yes,Pink,,,,,,,,Yes,BIDS Servilleta Papel 24 x 24 cm 300 un,,,,,,,
BRIK’S Clorogel Citrus 900 ml,,,,,,,,,,,1200,,No,19.00,No,,No,,,each.each,Yes,3,,V-LIM-019,,,,Limpieza,Yes,Pink,,,,,,,,Yes,BRIK’S Clorogel Citrus 900 ml,,,,,,,
BRIK’S Lavaloza concentrado 1L,,,,,,,,,,,1250,,No,19.00,No,,No,,,each.each,Yes,11,,V-LIM-020,,,,Limpieza,Yes,Pink,,,,,,,,Yes,BRIK’S Lavaloza concentrado 1L,,,,,,,
BRIK’S Suavizante 5L,,,,,,,,,,,3900,,No,19.00,No,,No,,,each.each,Yes,2,,V-LIM-028,,,,Limpieza,Yes,Pink,,,,,,,,Yes,BRIK’S Suavizante 5L,,,,,,,
Brik's Detergente Variedades 5L,,,,,,,,,,,,,No,19.00,No,,No,,,each.each,No,,,,,,,Limpieza,Yes,Pink,,,,,,,,Yes,Brik's Detergente Variedades 5L,,,,,,,
,Amarillo 4 en 1,,,,,,,,,Yes,3500,,,,,,,,,,Yes,0,,V-LIM-027-Amar,,,,,,,,,,,,,,,,,,,,,,
,Blanco Sin colorantes,,,,,,,,,Yes,3500,,,,,,,,,,Yes,2,,V-LIM-027-Blan,,,,,,,,,,,,,,,,,,,,,,
,Celeste Desmanchador,,,,,,,,,Yes,3500,,,,,,,,,,Yes,0,,V-LIM-027-Cele,,,,,,,,,,,,,,,,,,,,,,
,Coral Delicado,,,,,,,,,Yes,3500,,,,,,,,,,Yes,2,,V-LIM-027-Cora,,,,,,,,,,,,,,,,,,,,,,
,Violeta Lavanda,,,,,,,,,Yes,3500,,,,,,,,,,Yes,0,,V-LIM-027-Viol,,,,,,,,,,,,,,,,,,,,,,
CONFORT Papel Higiénico Doble Hoja Ultra 4 x 50 mt,,,,,,,,,,,2400,,No,19.00,No,,No,,,each.each,Yes,0,,V-LIM-025,,,,Limpieza,Yes,Pink,,,,,,,,Yes,CONFORT Papel Higiénico Doble Hoja Ultra 4 x 50 mt,,,,,,,
ELITE Papel Higiénico Doble Hoja Ultra 4 x 50 mt,,,,,,,,,,,2650,,No,19.00,No,,No,,,each.each,Yes,4,,V-LIM-003,,,,Limpieza,Yes,Pink,,,,,,,,Yes,ELITE Papel Higiénico Doble Hoja Ultra 4 x 50 mt,,,,,,,
FLORAX Papel Higiénico Doble Hoja 4 x 50 mt,,,,,,,,,,,2300,,No,19.00,No,,No,,,each.each,Yes,6,,V-LIM-035,,,,Limpieza,Yes,Pink,,,,,,,,Yes,FLORAX Papel Higiénico Doble Hoja 4 x 50 mt,,,,,,,
HUANG JIAN Betún Líquido para Zapatos,,,,,,,,,,,,,No,19.00,No,,No,,,each.each,No,,,,,,,Limpieza,Yes,Pink,,,,,,,,Yes,HUANG JIAN Betún Líquido para Zapatos,,,,,,,
,Blanco,,,,,,,,,Yes,1000,,,,,,,,,,Yes,0,,V-LIM-008-Blan,,,,,,,,,,,,,,,,,,,,,,
,Negro,,,,,,,,,Yes,1000,,,,,,,,,,Yes,3,,V-LIM-008-Negr,,,,,,,,,,,,,,,,,,,,,,
IGENIX Cloro Gel Variedades Botella 900 ml,,,,,,,,,,,,,No,19.00,No,,No,,,each.each,No,,,,,,,Limpieza,Yes,Pink,,,,,,,,Yes,IGENIX Cloro Gel Variedades Botella 900 ml,,,,,,,
,Floral,,,,,,,,,Yes,1500,,,,,,,,,,Yes,4,,V-LIM-032-Flor,,,,,,,,,,,,,,,,,,,,,,
,Lavanda,,,,,,,,,Yes,1500,,,,,,,,,,Yes,0,,V-LIM-032-Lava,,,,,,,,,,,,,,,,,,,,,,
IGENIX Cloro liquido Tradicional 1L,,,,,,,,,,,1150,,No,19.00,No,,No,,,each.each,Yes,25,,V-LIM-038,,,,Limpieza,Yes,Pink,,,,,,,,Yes,IGENIX Cloro liquido Tradicional 1L,,,,,,,
IGENIX Desinfectante Aerosol Variedades Botella 900 ml,,,,,,,,,,,,,No,19.00,No,,No,,,each.each,No,,,,,,,Limpieza,Yes,Pink,,,,,,,,Yes,IGENIX Desinfectante Aerosol Variedades Botella 900 ml,,,,,,,
,Lavanda,,,,,,,,,Yes,2500,,,,,,,,,,Yes,3,,V-LIM-039-Lava,,,,,,,,,,,,,,,,,,,,,,
IO Acondicionador Variedades 1L,,,,,,,,,,,1200,,No,19.00,No,,No,,,each.each,Yes,11,,V-LIM-015,,,,Limpieza,Yes,Pink,,,,,,,,Yes,IO Acondicionador Variedades 1L,,,,,,,
IO Jabon Liquido Avena & Almendras 1L,,,,,,,,,,,1400,,No,19.00,No,,No,,,each.each,Yes,2,,V-LIM-016,,,,Limpieza,Yes,Pink,,,,,,,,Yes,IO Jabon Liquido Avena & Almendras 1L,,,,,,,
IO Shampoo Variedades 1L,,,,,,,,,,,1200,,No,19.00,No,,No,,,each.each,Yes,9,,V-LIM-014,,,,Limpieza,Yes,Pink,,,,,,,,Yes,IO Shampoo Variedades 1L,,,,,,,
LEZI Antigrasa gatillo 350ml,,,,,,,,,,,1000,,No,19.00,No,,No,,,each.each,Yes,0,,V-LIM-011,,,,Limpieza,Yes,Pink,,,,,,,,Yes,LEZI Antigrasa gatillo 350ml,,,,,,,
MANIAC Set 3 Esponjas Metalicas Doradas,,,,,,,,,,,1500,,No,19.00,No,,No,,,each.each,Yes,9,,V-LIM-033,,,,Limpieza,Yes,Pink,,,,,,,,Yes,MANIAC Set 3 Esponjas Metalicas Doradas,,,,,,,
NOE Limpiador en Crema,,,,,,,,,,,1450,,No,19.00,No,,No,,,each.each,Yes,5,,V-LIM-037,,,,Limpieza,Yes,Pink,,,,,,,,Yes,NOE Limpiador en Crema,,,,,,,
NOE Servilletas 23 x 22 cms 300 un,,,,,,,,,,,1050,,No,19.00,No,,No,,,each.each,Yes,1,,V-LIM-013,,,,Limpieza,Yes,Pink,,,,,,,,Yes,NOE Servilletas 23 x 22 cms 300 un,,,,,,,
OVELLA Toalla Papel XL una Hoja Ultra 80 mt,,,,,,,,,,,2000,,No,19.00,No,,No,,,each.each,Yes,10,,V-LIM-004,,,,Limpieza,Yes,Pink,,,,,,,,Yes,OVELLA Toalla Papel XL una Hoja Ultra 80 mt,,,,,,,
POPEYE Detergente en Barra 170 gms,,,,,,,,,,,1000,,No,19.00,No,,No,,,each.each,Yes,4,,V-LIM-018,,,,Limpieza,Yes,Pink,,,,,,,,Yes,POPEYE Detergente en Barra 170 gms,,,,,,,
SCOTT Papel Higiénico Doble Hoja Ultra 4 x 50 mt,,,,,,,,,,,2300,,No,19.00,No,,No,,,each.each,Yes,0,,V-LIM-024,,,,Limpieza,Yes,Pink,,,,,,,,Yes,SCOTT Papel Higiénico Doble Hoja Ultra 4 x 50 mt,,,,,,,
SOFT Suavizante Clasic refill 900 mL,,,,,,,,,,,1200,,No,19.00,No,,No,,,each.each,Yes,2,,V-LIM-034,,,,Limpieza,Yes,Pink,,,,,,,,Yes,SOFT Suavizante Clasic refill 900 mL,,,,,,,
Servilleta Papel Navideña,,,,,,,,,,,800,,No,19.00,No,,No,,,each.each,Yes,3,,V-LIM-006,,,,Limpieza,Yes,Pink,,,,,,,,Yes,Servilleta Papel Navideña,,,,,,,
TORK Papel Higiénico Doble Hoja Ultra 4 x 50 mt,,,,,,,,,,,2500,,No,19.00,No,,No,,,each.each,Yes,0,,V-LIM-029,,,,Limpieza,Yes,Pink,,,,,,,,Yes,TORK Papel Higiénico Doble Hoja Ultra 4 x 50 mt,,,,,,,
TORK Toalla Papel Doble Hoja 2 x 24 mt,,,,,,,,,,,1600,,No,19.00,No,,No,,,each.each,Yes,7,,V-LIM-010,,,,Limpieza,Yes,Pink,,,,,,,,Yes,TORK Toalla Papel Doble Hoja 2 x 24 mt,,,,,,,
Toallitas Humedas desechables,,,,,,,,,,,1000,,No,19.00,No,,No,,,each.each,Yes,3,,V-LIM-002,,,,Limpieza,Yes,Pink,,,,,,,,Yes,Toallitas Humedas desechables,,,,,,,
V-STORE Esponja de Cocina Variedades,,,,,,,,,,,,,No,19.00,No,,No,,,each.each,No,,,,,,,Limpieza,Yes,Pink,,,,,,,,Yes,V-STORE Esponja de Cocina Variedades,,,,,,,
,Esponja Acanalada,,,,,,,,,Yes,200,,,,,,,,,,Yes,0,,V-LIM-026-Acan,,,,,,,,,,,,,,,,,,,,,,
,Esponja Lisa,,,,,,,,,Yes,200,,,,,,,,,,Yes,5,,V-LIM-026-Lisa,,,,,,,,,,,,,,,,,,,,,,
V-STORE Pastillas de limpieza para lavadora,,,,,,,,,,,2000,,No,19.00,No,,No,,,each.each,Yes,5,,V-LIM-007,,,,Limpieza,Yes,Pink,,,,,,,,Yes,V-STORE Pastillas de limpieza para lavadora,,,,,,,
V-STORE Toallitas Antigrasa 80 u,,,,,,,,,,,1400,,No,19.00,No,,No,,,each.each,Yes,4,,V-LIM-031,,,,Limpieza,Yes,Pink,,,,,,,,Yes,V-STORE Toallitas Antigrasa 80 u,,,,,,,
V-STORE Set taza ceramica 3pz oso,,,,,,,,,,,5000,,No,19.00,No,,No,,,each.each,Yes,3,,V-MEN-001,,,,Menaje,Yes,Dark red,,,,,,,,Yes,V-STORE Set taza ceramica 3pz oso,,,,,,,
