Item name,Variations,Option set 1,Option 1,Option set 2,Option 2,Option set 3,Option 3,Option set 4,Option 4,Is variation visible? (Yes/No),Price,Cost price,Variable price? (Yes/No),Tax rate (%),On sale in Online Store?,Regular price (before sale),Set up different prices and VAT for takeaway,Takeaway price,Takeaway tax rate,Unit,Track inventory? (Yes/No),Quantity,Low stock threshold,SKU,Barcode,Modifiers,Description (Online Store and Invoices only),Category,Display item at Checkout? (Yes/No),Display colour in POS checkout,Image 1,Image 2,Image 3,Image 4,Image 5,Image 6,Image 7,Display item in Online Store? (Yes/No),SEO title (Online Store only),SEO description (Online Store only),Shipping weight [kg] (Online Store only),Display service in Bookings? (Yes/No),Duration [minutes] (Bookings only),Location [business/customer] (Bookings only),Item id (Do not change),Variant id (Do not change)
AILEDA Aromatizante Ambientador Spray 5 en 1 360 ml,,,,,,,,,,,,,No,19.00,No,,No,,,each.each,No,,,,,,,Limpieza,Yes,Pink,https://images.sumup.com/img_76797T52YG8KZRFVM05T5S29RR,https://images.sumup.com/img_5FEV8QCQMX8R6V8J94RGNYBTNM,https://images.sumup.com/img_45X1GKZSP79DYTRBF52PCZDV35,https://images.sumup.com/img_04BXSEF0019GKV0N7TXDSVDS7G,,,,Yes,AILEDA Aromatizante Ambientador Spray 5 en 1 360 ml,,,No,,,28113541-ee56-4ee5-883f-58b9bb5427fc,
,Coco Vainilla,,,,,,,,,Yes,1300.00,,,,,,,,,,,0,0,V-LIM-017-CoVa,,,,,,,https://images.sumup.com/img_7MTGAV7W3W8JGB7F9XQ1HAKG2T,,,,,,,,,,,,,,,7a2aac38-6a83-4451-ab8e-6a15020ca0e0
,Lavanda,,,,,,,,,Yes,1300.00,,,,,,,,,,,0,0,V-LIM-017-Lava,,,,,,,https://images.sumup.com/img_16A0Z1N1JT9YN85N0N1N4MM9VH,,,,,,,,,,,,,,,34d521e7-98c3-4ee1-ba60-4d1ea5f8d03c
,Limon,,,,,,,,,Yes,1300.00,,,,,,,,,,,0,0,V-LIM-017-Limo,,,,,,,https://images.sumup.com/img_183M0Q8SWM9K58TZ2AHSQA0WWV,,,,,,,,,,,,,,,ad4f2b6f-4420-4074-aa22-fd7bf8d6a606
,Mañana de campo,,,,,,,,,Yes,1300.00,,,,,,,,,,,0,0,V-LIM-017-MCam,,,,,,,https://images.sumup.com/img_2FM82ZVR269ZV9RHR3D8C23W6M,,,,,,,,,,,,,,,82b2ade2-fc6b-4b9b-bc40-829fac074e73
,Naranja,,,,,,,,,Yes,1300.00,,,,,,,,,,,0,0,V-LIM-017-Nara,,,,,,,,,,,,,,,,,,,,,,b51351d3-fc03-46be-84f9-bddc9e0b2730
,Ocean Fresh,,,,,,,,,Yes,1300.00,,,,,,,,,,,0,0,V-LIM-017-OcFr,,,,,,,,,,,,,,,,,,,,,,56db67a8-d98a-4141-a242-a51a8a0f77c1
AILEDA Trapero Multiuso con ojal 12 hojas Variedades,,,,,,,,,,,,,No,19.00,No,,No,,,each.each,No,,,,,,,Limpieza,Yes,Pink,https://images.sumup.com/img_7BW161D2D49ND9BWGG9NH8CPNB,,,,,,,Yes,AILEDA Trapero Multiuso con ojal 12 hojas Variedades,,,No,,,3bed670d-2c12-4966-a71d-88eabd1838f9,
,Coco,,,,,,,,,Yes,1850.00,,,,,,,,,,,0,0,V-LIM-030-Coco,,,,,,,https://images.sumup.com/img_705JGN7R9W95BRNRAZYE4WCTYG,,,,,,,,,,,,,,,199d0e7d-67f4-4567-a00f-ff64283402d9
,Lavanda,,,,,,,,,Yes,1850.00,,,,,,,,,,,0,0,V-LIM-030-Lava,,,,,,,https://images.sumup.com/img_2M71ZK113Z919BA98M2EEQ4BE7,,,,,,,,,,,,,,,5ed675a8-7c9a-4c71-be00-37e92aa2beeb
AIMEISHANG Film plastico cocina 30 cm x 15 m,,,,,,,,,,Yes,1000.00,,No,19.00,No,,No,,,each.each,Yes,0,0,V-LIM-012,,,,Limpieza,Yes,Pink,,,,,,,,Yes,AIMEISHANG Film plastico cocina 30 cm x 15 m,,,No,,,f12f3332-d5b4-4d54-9b43-15380ff2b0d3,45bce7b3-c802-4252-aabc-fc8db1d79fd4
Audifono BT P9,,,,,,,,,,,,,No,19.00,No,,No,,,each.each,No,,,,,,,Electronica,Yes,,https://images.sumup.com/img_4MF40MCNKB9PSV9G4RDS3P68JF,,,,,,,Yes,,,,No,,,02118ce0-33a5-4d53-8e50-3a3ba6d3a968,
,Negro,Color,Negro,,,,,,,Yes,5000.00,2500.00,,,,,,,,,,1,0,V-ELE-002-Negr,,,,,,,,,,,,,,,,,,,,,,082ee72f-c9bf-450c-9ce9-c45cd573aefd
,Rojo,Color,Rojo,,,,,,,Yes,5000.00,2500.00,,,,,,,,,,1,0,V-ELE-002-Rojo,,,,,,,,,,,,,,,,,,,,,,7670182a-f58c-467e-b560-2f3d2fc9f7a1
,Azul,Color,Azul,,,,,,,Yes,5000.00,2500.00,,,,,,,,,,0,0,V-ELE-002-Azul,,,,,,,,,,,,,,,,,,,,,,9537ca19-8567-4841-8d71-6c4bcd64d11a
,Gris Plata,Color,Gris Plata,,,,,,,Yes,5000.00,2500.00,,,,,,,,,,1,0,V-ELE-002-Plat,,,,,,,,,,,,,,,,,,,,,,595f1a94-ad62-451b-b9f6-1925b5949fb0
Audifonos BT A9Pro,,,,,,,,,,Yes,8000.00,,No,19.00,No,,No,,,each.each,Yes,0,0,V-ELE-001,6920235110265,,,Electronica,Yes,,https://images.sumup.com/img_2BFB7K3A0R8CFBPM3T33DBNK00,https://images.sumup.com/img_3NKAXJWJS39FZB2AJN25FW3CHQ,,,,,,Yes,Audifonos BT A9Pro,,,No,,,30a73411-6562-4be1-be8d-1be0e3f2d342,0399bbd2-2568-41c1-babe-c06d7ba2b95d
Audifonos BT Pro5S,,,,,,,,,,Yes,8000.00,,No,19.00,No,,No,,,each.each,Yes,2,0,V-ELE-003,,,,Electronica,Yes,Light red,,,,,,,,Yes,Audifonos BT Pro5S,,,No,,,a2fbb191-438a-4a8a-a0c5-c18245435a8f,8245e0ff-5d5b-449c-966c-5f4b9f64978d
BABYSEC Pañal Premium,,,,,,,,,,,,,No,19.00,No,,No,,,each.each,No,,,,,,,Bebe,Yes,,https://images.sumup.com/img_2EFA10CZ0R8ANTZA4G9MND1BE8,https://images.sumup.com/img_62VKERBYG894EA9X5Y94XK9JNK,https://images.sumup.com/img_59Y204HC2183XAQ9RQZYSXS7HA,https://images.sumup.com/img_1RDF9T7W6C804AP5WTBH03Q356,https://images.sumup.com/img_6W14N862TH82RA5SZVPSK05FB3,,,Yes,BABYSEC Pañal Premium,,,No,,,c2bf6fad-caf9-43db-916b-712a2f1ea58a,
,Recien Nacido,Talla,Recien Nacido,,,,,,,Yes,2800.00,,,,,,,,,,,0,0,V-BEB-001-RN,,,,,,,,,,,,,,,,,,,,,,367935b6-5ba2-4956-8ec8-6e4fcd1be495
,Pequeña,Talla,Pequeña,,,,,,,Yes,2800.00,,,,,,,,,,,0,0,V-BEB-001-P,,,,,,,,,,,,,,,,,,,,,,0486ae9e-6551-43ed-80e6-b7264aeda505
,Mediana,Talla,Mediana,,,,,,,Yes,2800.00,,,,,,,,,,,0,0,V-BEB-001-M,,,,,,,,,,,,,,,,,,,,,,014ad446-88d5-4c32-b0c0-0062c930ab58
,Grande,Talla,Grande,,,,,,,Yes,2800.00,,,,,,,,,,,0,0,V-BEB-001-G,,,,,,,,,,,,,,,,,,,,,,282a09d5-ae5e-4a8c-93b0-137e68a8ed5d
,Extra Grande,Talla,Extra Grande,,,,,,,Yes,2800.00,,,,,,,,,,,0,0,V-BEB-001-XG,,,,,,,,,,,,,,,,,,,,,,c6d5af82-97ca-47e0-9ceb-5a174d4f9f86
,Extra Extra Grande,Talla,Extra Extra Grande,,,,,,,Yes,2800.00,,,,,,,,,,,0,0,V-BEB-001-XXG,,,,,,,,,,,,,,,,,,,,,,e1e914e8-6c7a-4494-8ae4-d5587620190b
BAGGIO Pure de tomate De La Huerta,,,,,,,,,,Yes,1000.00,,No,19.00,No,,No,,,each.each,Yes,0,0,V-ABA-001,,,,Abarrotes,Yes,Yellow,https://images.sumup.com/img_06NRTJTNGA961BJFGNZNEZEVX7,,,,,,,Yes,BAGGIO Pure de tomate De La Huerta,,,No,,,adda30f8-92d9-4e5c-9abe-605aa6b618ed,2f0e3cf9-2c4b-4921-b8cc-c97a114b466e
BIDS Servilleta Papel 24 x 24 cm 300 un,,,,,,,,,,Yes,1050.00,,No,19.00,No,,No,,,each.each,Yes,14,0,V-LIM-036,,,,Limpieza,Yes,Pink,,,,,,,,Yes,BIDS Servilleta Papel 24 x 24 cm 300 un,,,No,,,94ee54b8-ae4e-4f08-b29d-c642a5570cb3,1739dbb5-a5f9-46c2-8994-7d81864ef138
BRIK’S Clorogel Citrus 900 ml,,,,,,,,,,Yes,1200.00,,No,19.00,No,,No,,,each.each,Yes,3,0,V-LIM-019,,,,Limpieza,Yes,Pink,https://images.sumup.com/img_5DV7ZXZ9YY9F6RMMA70A4DTBWS,,,,,,,Yes,BRIK’S Clorogel Citrus 900 ml,,,No,,,967f82cc-5836-40ce-859a-ac8ef735cc7a,0e1e537b-14b9-4228-b8c3-cc1f9fe72579
BRIK’S Detergente Variedades 5L,,,,,,,,,,,,,No,19.00,No,,No,,,each.each,No,,,,,,,Limpieza,Yes,Pink,https://images.sumup.com/img_0Z7YD3589F9T888EB1K8WAX7JE,https://images.sumup.com/img_1S37MFSFJV8X287ZPH9MZ9DZ59,https://images.sumup.com/img_6XB2CH545Y8D4RPG7A77Y9ZYJ2,https://images.sumup.com/img_56DCWJ50878WV940SZM5AVP8RW,https://images.sumup.com/img_3ZCXNY6BZ08R2TPSVQ25TE0G7E,,,No,,,,No,,,b5316554-e820-4315-9efe-a7831b972da2,
,Celeste Desmanchador,Color,Celeste Desmanchador,,,,,,,Yes,3500.00,,,,,,,,,,,0,0,V-LIM-027-Cele,,,,,,,https://images.sumup.com/img_3WTD4EDVSM82TTXCDN5WTD3BN2,,,,,,,,,,,,,,,a6d10cc2-9041-4a60-84fa-7d63536f7dd7
,Coral Delicado,Color,Coral Delicado,,,,,,,Yes,3500.00,,,,,,,,,,,0,0,V-LIM-027-Cora,,,,,,,https://images.sumup.com/img_06E26863KW9FTSVPCYX87JC4KD,,,,,,,,,,,,,,,7c1abbbb-1a36-46c9-9e42-b27d99404d37
,Violeta Lavanda,Color,Violeta Lavanda,,,,,,,Yes,3500.00,,,,,,,,,,,0,0,V-LIM-027-Viol,,,,,,,https://images.sumup.com/img_333DV44BBM97ET6FVSYPTQKEQ4,,,,,,,,,,,,,,,c17ec082-3ea0-4214-955f-680cda0d11a2
,Blanco Sin colorantes,Color,Blanco Sin colorantes,,,,,,,Yes,3500.00,,,,,,,,,,,0,0,V-LIM-027-Blan,,,,,,,https://images.sumup.com/img_3FCXGYE8TH9S6VF3Y6CD07N94W,,,,,,,,,,,,,,,e9e7a28f-4e86-4f1d-853c-9718aff6e6aa
,Amarillo 4 en 1,Color,Amarillo 4 en 1,,,,,,,Yes,3500.00,,,,,,,,,,,0,0,V-LIM-027-Amar,,,,,,,https://images.sumup.com/img_2BQNQ8GG6V929VQNHJ12TX15YP,,,,,,,,,,,,,,,60677b93-0cd1-4019-a57b-ba7063968414
BRIK’S Lavaloza concentrado 1L,,,,,,,,,,Yes,1250.00,,No,19.00,No,,No,,,each.each,Yes,11,0,V-LIM-020,,,,Limpieza,Yes,Pink,https://images.sumup.com/img_7YWCA0RTJK8FF8WDC5B6Q8Z96N,,,,,,,Yes,BRIK’S Lavaloza concentrado 1L,,,No,,,135e62b9-5d13-4d43-9cd1-669ab7fe9261,2e3ebcfe-ca90-4b88-9722-1902ea2be60a
BRIK’S Suavizante 5L,,,,,,,,,,Yes,3900.00,,No,19.00,No,,No,,,each.each,Yes,2,0,V-LIM-028,,,,Limpieza,Yes,Pink,https://images.sumup.com/img_65DSF4W8AA9H2BQMQN9HJM6CQ8,,,,,,,Yes,BRIK’S Suavizante 5L,,,No,,,9e8c12ac-0e1e-41c0-961f-c0b0112e9931,4b034fae-63fe-4f2a-8917-1b21ee8bc01b
Billeteras Varon Surtidas,,,,,,,,,,Yes,4000.00,,No,19.00,No,,No,,,each.each,Yes,4,0,V-BOU-001,,,,Boutique,Yes,Light red,https://images.sumup.com/img_51QGM7VCBW8N79XXA3X294NMER,,,,,,,Yes,Billeteras Varon Surtidas,,,No,,,55aa8804-73c8-4071-8e7d-f192f32d2c6f,d8dc94d6-b40b-4c61-9c25-1c5f9cfb0344
COLGATE Cepillo Adulto cerda media,,,,,,,,,,Yes,500.00,,No,19.00,No,,No,,,each.each,Yes,11,0,V-CPE-003,,,,Cuidado Personal,Yes,Dark green,https://images.sumup.com/img_215XVS81BR8FZBFSK3K32693H4,,,,,,,Yes,COLGATE Cepillo Adulto cerda media,,,No,,,bd9ee15b-302a-4fcd-9aab-def5ffdc088c,662a924c-6235-4609-91b6-5006caff63fe
COLGATE Dentrifico Triple accion Menta 75ml,,,,,,,,,,Yes,1250.00,,No,19.00,No,,No,,,each.each,Yes,12,0,V-CPE-002,,,,Cuidado Personal,Yes,Dark green,,,,,,,,Yes,COLGATE Dentrifico Triple accion Menta 75ml,,,No,,,e148073e-971c-41a1-bf74-4759a1117053,ac1ebc03-6e9a-4dee-97a1-bd410e6175e9
COLUN Leche Origen Chocolate 220 ml,,,,,,,,,,Yes,600.00,,No,19.00,No,,No,,,each.each,Yes,0,0,V-COL-001,,,,Colaciones,Yes,Light blue,https://images.sumup.com/img_39Z5KGBDB38GQSVVREMRZPGK1M,,,,,,,Yes,COLUN Leche Origen Chocolate 220 ml,,,No,,,508c4d28-8877-4437-9ddb-72a2ae3536da,fd5eadf5-2a8d-4851-8a5e-e1e46f511317
CONFORT Papel Higiénico Doble Hoja Ultra 4 x 50 mt,,,,,,,,,,Yes,2400.00,,No,19.00,No,,No,,,each.each,Yes,0,0,V-LIM-025,,,,Limpieza,Yes,Pink,https://images.sumup.com/img_0J1HYM58Y18TB8NH09Q5PDBS1R,,,,,,,Yes,CONFORT Papel Higiénico Doble Hoja Ultra 4 x 50 mt,,,No,,,c5eb3407-d4a9-4b61-8de8-d4f1532efd83,efbc3767-28a7-4cda-bad5-4f2bcc2c7539
DOVE Desodorante Variedades 45g,,,,,,,,,,,,,No,19.00,No,,No,,,each.each,No,,,,,,,Cuidado Personal,Yes,Dark green,https://images.sumup.com/img_711C6G34B094HS42FC9MJXYXMF,https://images.sumup.com/img_05D61HMD4J83JS9FCYZZ7082QH,https://images.sumup.com/img_0YRXMARCCY9CRTB0PWQPVTAHVN,,,,,Yes,DOVE Desodorante Variedades 45g,,,No,,,9c52ef68-5006-4d3c-9804-631d28a09da3,
,Dama Aclarante,,,,,,,,,Yes,2800.00,,,,,,,,,,,0,0,V-CPE-001-MAcl,,,,,,,https://images.sumup.com/img_0N47BMFWA9915B3E4J1TMNK4CR,,,,,,,,,,,,,,,7e38127e-a442-4349-8097-cc391050a77d
,Dama Original,,,,,,,,,Yes,2800.00,,,,,,,,,,,0,0,V-CPE-001-MOri,,,,,,,https://images.sumup.com/img_75WV0MA34C8WSAVZH8PTCRNK16,,,,,,,,,,,,,,,d0a8c99c-178e-4984-8fc7-54fd0112b0f6
,Dama Tono Uniforme,,,,,,,,,Yes,2800.00,,,,,,,,,,,0,0,V-CPE-001-MTUn,,,,,,,,,,,,,,,,,,,,,,a4d1bcaf-c6e2-425d-a0e3-e9ab881db592
,Varon Cremoso Confort Protection,,,,,,,,,Yes,2800.00,,,,,,,,,,,0,0,V-CPE-001-HCre,,,,,,,https://images.sumup.com/img_78P2ATTX5D90WTV0X3WDV1QJF4,,,,,,,,,,,,,,,c84ac189-b64c-437a-b606-c8f8b13557f5
,Varon Cremoso Energy Boost,,,,,,,,,Yes,2800.00,,,,,,,,,,,0,0,V-CPE-001-HEnB,,,,,,,,,,,,,,,,,,,,,,84fd420a-05df-4f6b-b813-fbe096ec678e
DOVE Jabon de Tocador 75g,,,,,,,,,,Yes,1100.00,,No,19.00,No,,No,,,each.each,Yes,1,0,V-CPE-004,,,,Cuidado Personal,Yes,Dark green,https://images.sumup.com/img_4M3VBN4A3C85Q9KAYJ670HFGE4,,,,,,,Yes,DOVE Jabon de Tocador 75g,,,No,,,bbda8f16-0c25-4f65-b54c-c800bc69e7a0,dd4ef4db-578c-4db0-831e-e203372847da
ELITE Papel Higiénico Doble Hoja Ultra 4 x 50 mt,,,,,,,,,,Yes,2650.00,,No,19.00,No,,No,,,each.each,Yes,4,0,V-LIM-003,,,,Limpieza,Yes,Pink,https://images.sumup.com/img_5722GH6FW68YDSPQPNJ0FASFA2,,,,,,,Yes,ELITE Papel Higiénico Doble Hoja Ultra 4 x 50 mt,,,No,,,81a9a074-b9a9-40d9-9c39-012d9144411f,45cb42f9-02e8-4716-8385-a2866f6e0889
ELITE Pañuelos Triple Hoja 10 Un,,,,,,,,,,Yes,200.00,,No,19.00,No,,No,,,each.each,Yes,14,0,V-CPE-007,,,,Cuidado Personal,Yes,Dark green,,,,,,,,Yes,ELITE Pañuelos Triple Hoja 10 Un,,,No,,,42886924-3807-462f-ab4e-4946201f02b7,141c9ec5-fb75-4c3c-830a-2a0c5cf846f9
EMUBABY Toallitas Húmedas Sin Alcohol 100 Un,,,,,,,,,,Yes,1100.00,,No,19.00,No,,No,,,each.each,Yes,11,0,V-BEB-002,,,,Bebe,Yes,Light red,https://images.sumup.com/img_45MK77Y4BF9M8TRC95RR7HFYDN,,,,,,,Yes,EMUBABY Toallitas Húmedas Sin Alcohol 100 Un,,,No,,,ed87fa22-ff95-4a35-a400-ff24662a95b2,bb3ecf77-d303-4093-8fbd-054424b43863
ETO Lapiz pasta punta gruesa,,,,,,,,,,,,,No,19.00,No,,No,,,each.each,No,,,,,,,Libreria,Yes,Orange,,,,,,,,Yes,ETO Lapiz pasta punta gruesa,,,No,,,51f340cc-5c5e-493c-b523-50c56ef96c5a,
,Azul,,,,,,,,,Yes,100.00,,,,,,,,,,,0,0,V-LIB-012-Azul,,,,,,,,,,,,,,,,,,,,,,a383cb68-1380-4aa7-bd07-17e46a76f07d
,Negro,,,,,,,,,Yes,100.00,,,,,,,,,,,0,0,V-LIB-012-Negr,,,,,,,,,,,,,,,,,,,,,,4eb3204b-bd74-498c-9011-f4bfc570c41e
EVEREADY Ampolleta LED Variedades,45w,,,,,,,,,Yes,1000.00,,No,19.00,No,,No,,,each.each,No,0,0,V-FER-001-045w,,,,Ferreteria,Yes,Light green,https://images.sumup.com/img_109079MCHV8ZJRFK2DSR4CG9AS,,,,,,,Yes,EVEREADY Ampolleta LED Variedades,,,No,,,c249fbab-e50d-480a-8ef2-915d5e97d21e,cc4ca87e-fa11-4826-bbb4-df7d5532570a
FABER CASTELL Lapis grafito hexagonal HB,,,,,,,,,,Yes,150.00,,No,19.00,No,,No,,,each.each,Yes,24,0,V-LIB-011,,,,Libreria,Yes,Orange,,,,,,,,Yes,FABER CASTELL Lapis grafito hexagonal HB,,,No,,,4415d5bf-69cb-4087-8cb9-c9b2e0d78e56,8c9f1564-76a9-4e8c-9f71-d7e6701577db
FACTIS Pack goma miga 2 un,,,,,,,,,,Yes,2000.00,,No,19.00,No,,No,,,each.each,Yes,1,0,V-LIB-010,,,,Libreria,Yes,Orange,,,,,,,,Yes,FACTIS Pack goma miga 2 un,,,No,,,bcec4eb5-29b4-4ed8-ade3-ed468e835e04,58cfdf60-b1d4-48b5-bfa7-453efd83345c
FACTIS Sucedaneo Goma de borrar miga S20,,,,,,,,,,Yes,300.00,,No,19.00,No,,No,,,each.each,Yes,20,0,V-LIB-009,,,,Libreria,Yes,Orange,https://images.sumup.com/img_7KDDB0J8W68FYAFMT956D1N4MN,,,,,,,Yes,FACTIS Sucedaneo Goma de borrar miga S20,,,No,,,66c085c7-bd9b-409b-adad-ff9629ea2898,4fccc16d-aa30-4aae-a093-194a12e6d38f
FEMU Papel Lustre 10 x 10 cms,,,,,,,,,,Yes,600.00,,No,19.00,No,,No,,,each.each,No,0,0,V-LIB-013,,,,Libreria,Yes,Orange,https://images.sumup.com/img_1CZ7BNCT2T9M5RFHGQTMC3AQNW,,,,,,,No,,,,No,,,de352909-c88b-41c8-869b-4910874dc591,28a0db8b-a47f-496d-99f4-9db7deaa313d
FEMU Papel Lustre Surtido,,,,,,,,,,Yes,600.00,,No,19.00,No,,No,,,each.each,Yes,6,0,V-LIB-020,,,,Libreria,Yes,Orange,,,,,,,,Yes,FEMU Papel Lustre Surtido,,,No,,,02c3d6a6-428d-4eda-8de2-97e48151fb16,9648ef7e-192f-45cd-8042-df9b368cc5e2
FEMU Pegamento en Barra 21 grs,,,,,,,,,,Yes,700.00,,No,19.00,No,,No,,,each.each,Yes,12,0,V-LIB-014,,,,Libreria,Yes,Orange,,,,,,,,Yes,FEMU Pegamento en Barra 21 grs,,,No,,,c12c38df-cf35-466c-a9b3-178487e33813,fcd7d64e-bff9-40bc-9921-a0748aadfe70
FEMU Sacapuntas con deposito Colores,,,,,,,,,,,,,No,19.00,No,,No,,,each.each,No,,,,,,,Libreria,Yes,Orange,https://images.sumup.com/img_62QFHRDA5P9RC9D26W80VWP230,,,,,,,No,,,,No,,,c70f622c-fc0b-4bce-b0be-858caa918b96,
,Rojo,Color,Rojo,,,,,,,Yes,700.00,,,,,,,,,,,0,0,V-LIB-015-Rojo,,,,,,,,,,,,,,,,,,,,,,af22b75d-808f-4ffc-b15a-435636f4a45f
,Azul,Color,Azul,,,,,,,Yes,700.00,,,,,,,,,,,0,0,V-LIB-015-Azul,,,,,,,,,,,,,,,,,,,,,,0618b941-bb21-4e4e-9986-9fceaa998616
,Verde,Color,Verde,,,,,,,Yes,700.00,,,,,,,,,,,0,0,V-LIB-015-Verd,,,,,,,,,,,,,,,,,,,,,,105a11dd-b4d9-411c-8e4f-ad4d15c85326
,Amarillo,Color,Amarillo,,,,,,,Yes,700.00,,,,,,,,,,,0,0,V-LIB-015-Amar,,,,,,,,,,,,,,,,,,,,,,efcf6d88-4044-4c1b-9b2d-192c02e51cd8
FLORAX Papel Higiénico Doble Hoja 4 x 50 mt,,,,,,,,,,Yes,2300.00,,No,19.00,No,,No,,,each.each,Yes,6,0,V-LIM-035,,,,Limpieza,Yes,Pink,https://images.sumup.com/img_2R4S63QFQJ820997AHQGAQ0AVH,,,,,,,Yes,FLORAX Papel Higiénico Doble Hoja 4 x 50 mt,,,No,,,be22abc5-1d7d-4d34-ad15-79a8df0937eb,d4ba9e19-fe19-4541-b0a8-23471220cf45
GOURMET Caldo en polvo Variedades,,,,,,,,,,,,,No,19.00,No,,No,,,each.each,No,,,,,,,Abarrotes,Yes,Yellow,https://images.sumup.com/img_6YA12DSF0X8VDA7G796ZGRVHA5,https://images.sumup.com/img_22M2W4KY0288XANKWC2QFJBSE7,https://images.sumup.com/img_2H6ACTH58T9VAVHD2PASF17TJH,,,,,Yes,GOURMET Caldo en polvo Variedades,,,No,,,074a3ea4-34fe-48d3-adef-25f15d1d930b,
,Carne,,,,,,,,,Yes,750.00,,,,,,,,,,,0,0,V-ABA-002-Carn,,,,,,,https://images.sumup.com/img_15SAS7TE5791PS0VMNM3SGX6S5,,,,,,,,,,,,,,,e46dee16-f39a-4a11-9a98-7b2a371e9765
,Pollo,,,,,,,,,Yes,750.00,,,,,,,,,,,0,0,V-ABA-002-Poll,,,,,,,https://images.sumup.com/img_2VXV6BGAB48HPVA82KR4TSF5ZX,,,,,,,,,,,,,,,c5c8dce0-e8c1-4ab8-9c13-2083cf00956b
,Verduras,,,,,,,,,Yes,750.00,,,,,,,,,,,0,0,V-ABA-002-Verd,,,,,,,https://images.sumup.com/img_2D0981Y0ZW90YAQTF24YXB9R6E,,,,,,,,,,,,,,,48ae48ab-568e-4727-a8bb-d66e143f95f5
HOLY Nut Mix Variedades,,,,,,,,,,,,,No,19.00,No,,No,,,each.each,No,,,,,,,Colaciones,Yes,Light blue,https://images.sumup.com/img_4R95MGN0FW8CA9HCK2WHEM8YYC,https://images.sumup.com/img_6Y88HC897G9SC8P7BH35WD92HS,https://images.sumup.com/img_2K3FDR4SF791BVKRFR71X28FSC,,,,,Yes,HOLY Nut Mix Variedades,,,No,,,12c9a3d2-487b-42c2-bae4-6cf900111955,
,Avellana Mix,,,,,,,,,Yes,950.00,,,,,,,,,,,0,0,V-COL-004-AvMx,,,,,,,,,,,,,,,,,,,,,,734696e7-2638-4453-862f-f2b699993102
,Coco Mix,,,,,,,,,Yes,950.00,,,,,,,,,,,0,0,V-COL-004-CoMx,,,,,,,,,,,,,,,,,,,,,,6e318ba3-713b-405e-abf2-db2620fb80cf
,Nuez Mix,,,,,,,,,Yes,950.00,,,,,,,,,,,0,0,V-COL-004-NuMx,,,,,,,,,,,,,,,,,,,,,,d337e208-4a42-410e-b30f-ee48bf8b19f2
HOLY Snackbar Variedades,,,,,,,,,,,,,No,19.00,No,,No,,,each.each,No,,,,,,,Colaciones,Yes,Light blue,https://images.sumup.com/img_37457J2F5W9KN81Y5F8ZE7H2RB,https://images.sumup.com/img_1AXFTGYGAS8XDTWF9SNM6R8140,,,,,,Yes,HOLY Snackbar Variedades,,,No,,,c3b914d4-9c41-4363-bd31-06eca230635f,
,Avena Chocolate,,,,,,,,,Yes,950.00,,,,,,,,,,,1,0,V-COL-005-AvCh,,,,,,,,,,,,,,,,,,,,,,70277ebd-1827-4981-bb20-7de6c20093d7
,Avena Semillas,,,,,,,,,Yes,950.00,,,,,,,,,,,1,0,V-COL-005-AvSe,,,,,,,,,,,,,,,,,,,,,,0655e435-7c07-4c4e-827b-f80c8fcbff7c
HUANG JIAN Betún Líquido para Zapatos,,,,,,,,,,,,,No,19.00,Yes,,No,,,each.each,No,,,,,,,Limpieza,Yes,Pink,https://images.sumup.com/img_1B7X4P0A9M86NRJNEM0VDN72VC,,,,,,,Yes,Betún Líquido para Zapatos Huang Jian,,,No,,,82cd8782-e38c-4c5b-90e5-0a35f6f1f83b,
,Negro,Color,Negro,,,,,,,Yes,1000.00,,,,,,,,,,,3,0,V-LIM-008-Negr,6974663623347,,,,,,https://images.sumup.com/img_1EZRCKBR0M82MS48Z967598R8M,,,,,,,,,,,,,,,4061926f-8eec-482f-b865-55eefb3b35a2
,Blanco,Color,Blanco,,,,,,,Yes,1000.00,,,,,,,,,,,0,0,V-LIM-008-Blan,,,,,,,,,,,,,,,,,,,,,,fb74775c-e9c2-4af3-8308-fef47e2dd76d
Humidificador Ambiental de Escritorio,,,,,,,,,,Yes,3500.00,,No,19.00,No,,No,,,each.each,No,0,0,,8802025415218,,,Menaje,Yes,Dark red,https://images.sumup.com/img_3QRCRCYWD38D6VENF169WKVC1R,https://images.sumup.com/img_4X0WE0XZ1J8QAVM3JKS9D6XB7G,https://images.sumup.com/img_0R5G9N39CX957TF0K7S63B0EAM,,,,,Yes,Humidificador Ambiental de Escritorio,,,No,,,e42f14bb-851c-4a2f-ab7d-24cfea6fef35,f86c24ba-5caa-4551-9d91-a51e026a109f
IGENIX Cloro Gel Variedades Botella 900 ml,,,,,,,,,,,,,No,19.00,No,,No,,,each.each,No,,,,,,,Limpieza,Yes,Pink,https://images.sumup.com/img_6Q785FBSSZ9EM8T6T9DYK8YZ96,https://images.sumup.com/img_65XRB8181J9SKSPEP1FQKY5A38,,,,,,Yes,IGENIX Cloro Gel Variedades Botella 900 ml,,,No,,,07fceac1-809f-4e76-bc8c-510a5c3bfff3,
,Floral,,,,,,,,,Yes,1500.00,,,,,,,,,,,4,0,V-LIM-032-Flor,,,,,,,,,,,,,,,,,,,,,,b30f1df6-27a6-40ad-9fde-59ebf86e3236
,Lavanda,,,,,,,,,Yes,1500.00,,,,,,,,,,,0,0,V-LIM-032-Lava,,,,,,,,,,,,,,,,,,,,,,59d81695-b406-49c5-9c4f-fe1ceefda5c3
IGENIX Cloro Liquido 1L,,,,,,,,,,Yes,1150.00,,No,19.00,No,,No,,,each.each,No,0,0,,7805040004758,,,Limpieza,Yes,Pink,https://images.sumup.com/img_1GGC7MF37Z9SMSQ97BZCRFG1QC,,,,,,,Yes,IGENIX Cloro Liquido 1L,,,,,,1ffd062a-838c-4334-8ad1-fa9fbaebee42,cbff8b5f-fe22-44b2-b833-f1e0d33d825f
IGENIX Cloro liquido Tradicional 1L,,,,,,,,,,Yes,1150.00,,No,19.00,No,,No,,,each.each,Yes,25,0,V-LIM-038,,,,Limpieza,Yes,Pink,,,,,,,,Yes,IGENIX Cloro liquido Tradicional 1L,,,No,,,8fbaa7a7-79ba-4e35-9466-14e26f4c05ba,1a504703-2138-41df-9257-309fcce2465d
IGENIX Desinfectante Aerosol Variedades Botella 900 ml,Lavanda,,,,,,,,,Yes,2500.00,,No,19.00,No,,No,,,each.each,No,3,0,V-LIM-039-Lava,,,,Limpieza,Yes,Pink,,,,,,,,Yes,IGENIX Desinfectante Aerosol Variedades Botella 900 ml,,,No,,,a9319f0a-68de-4316-9f4b-74f93e6abd7e,60ed3996-3732-45d8-9552-338b4e4a6e93
IGENIX Desinfectante de Ambientes Variedades Aerosol 360 ml,,,,,,,,,,Yes,2500.00,,No,19.00,No,,No,,,each.each,No,0,0,,7805040000705,,,Limpieza,Yes,Pink,,,,,,,,Yes,IGENIX Desinfectante de Ambientes Variedades Aerosol 360 ml,,,,,,acac5b44-4201-4d1b-8a98-54c8e688080b,49637bee-7888-41dd-938a-86ebb034cf6c
IO Acondicionador Variedades 1L,,,,,,,,,,Yes,1200.00,,No,19.00,No,,No,,,each.each,Yes,11,0,V-LIM-015,,,,Limpieza,Yes,Pink,https://images.sumup.com/img_2SAHKEY0PH979V5NG1RM168B37,,,,,,,Yes,IO Acondicionador Variedades 1L,,,No,,,821f7be6-40bb-4e22-af54-15903ecef7b4,d24a0419-c0f3-4509-a36b-3cb91a19a174
IO Jabon Liquido Avena & Almendras 1L,,,,,,,,,,Yes,1400.00,,No,19.00,No,,No,,,each.each,Yes,2,0,V-LIM-016,,,,Limpieza,Yes,Pink,https://images.sumup.com/img_00XZC9N3H79ZFTJPHCS1PYQ215,,,,,,,Yes,IO Jabon Liquido Avena & Almendras 1L,,,No,,,4285e1d8-d0cc-4fe7-ac5f-d8cee635fbbf,6105ed35-db55-42d0-85d7-33770278d72c
IO Shampoo Variedades 1L,,,,,,,,,,Yes,1200.00,,No,19.00,No,,No,,,each.each,Yes,9,0,V-LIM-014,,,,Limpieza,Yes,Pink,https://images.sumup.com/img_7N1FYZ30DC8SRACPB734WWRRTG,,,,,,,Yes,IO Shampoo Variedades 1L,,,No,,,0e6c09b5-e2fa-4808-857e-95f5173145a6,ead0a471-13ac-481a-8b74-b4a40102c51b
L - Bolsa regalo - Navidad,,,,,,,,,,Yes,1000.00,,No,19.00,No,,No,,,each.each,No,12,3,,,,,Libreria,Yes,Orange,https://images.sumup.com/img_7R3FNXZRD98MVBNBX61BSQB2FA,https://images.sumup.com/img_12879NQDFQ967B0NNJW71XPV7N,,,,,,Yes,L - Bolsa regalo - Navidad,,,No,,,25522d89-b264-4b9c-9ce4-2e0734a067b2,3bb26c0f-4574-4870-a046-9e46d47b4910
LEZI Antigrasa gatillo 350ml,,,,,,,,,,Yes,1000.00,,No,19.00,No,,No,,,each.each,Yes,0,0,V-LIM-011,,,,Limpieza,Yes,Pink,,,,,,,,Yes,LEZI Antigrasa gatillo 350ml,,,No,,,5bd27725-07d6-4c7a-9a23-cdde9cbe8ce5,2bb9af8a-c804-47f3-b6db-65091599ee01
LUX Jabon de tocador Variedades,,,,,,,,,,,,,No,19.00,No,,No,,,each.each,No,,,,,,,Limpieza,Yes,Pink,https://images.sumup.com/img_78SKFGQ8HZ9VBVGS0HC88V1GY2,,,,,,,Yes,LUX Jabon de tocador Variedades,,,No,,,0de1558d-8b22-46bf-a648-18a618d8f877,
,Blanco Velvet Touch,,,,,,,,,Yes,450.00,,,,,,,,,,,0,0,V-CPE-005-Blan,,,,,,,,,,,,,,,,,,,,,,771278ed-6348-42b8-a75c-da3cf7826cea
,Granada 70 gms,,,,,,,,,Yes,450.00,,,,,,,,,,,0,0,V-CPE-005-Rosa,,,,,,,,,,,,,,,,,,,,,,cfd5410f-c70c-4efa-a6fb-0cf6f79c86d3
,Azul Aqua Sparkle,,,,,,,,,Yes,450.00,,,,,,,,,,,0,0,V-CPE-005-Azul,,,,,,,,,,,,,,,,,,,,,,4fa71f6a-79ce-43bc-aac5-f8f780fd6ce9
,Violeta Magical Spell,,,,,,,,,Yes,450.00,,,,,,,,,,,0,0,V-CPE-005-Viol,,,,,,,,,,,,,,,,,,,,,,b186776b-0277-42c3-ac71-a967a7b59b9e
M - Bolsa regalo - Navidad,,,,,,,,,,Yes,800.00,,No,19.00,No,,No,,,each.each,No,24,3,,,,,Libreria,Yes,Orange,https://images.sumup.com/img_43EW0J3T6R84HASN5RXHNGT94C,https://images.sumup.com/img_1CJZGCM4QY91ABQKNSF5FWECMT,,,,,,Yes,M - Bolsa regalo - Navidad,,,No,,,4375711d-a0b4-4717-b608-46794ea40091,93b5d913-a365-476a-bc07-6216360f297e
MANIAC Set 3 Esponjas Metalicas Doradas,,,,,,,,,,Yes,1500.00,,No,19.00,No,,No,,,each.each,Yes,9,0,V-LIM-033,,,,Limpieza,Yes,Pink,https://images.sumup.com/img_5VS7TX0G0490HBZDW837GY2M9G,,,,,,,Yes,MANIAC Set 3 Esponjas Metalicas Doradas,,,No,,,7b232810-2edb-42e4-b7ad-5065f39466ba,d366ac74-9ecc-4435-be04-fb96cb2452c8
MEIPAI Caja Lapices Colores Hexagonales 12+2 un,,,,,,,,,,Yes,1500.00,,No,19.00,No,,No,,,each.each,Yes,3,0,V-LIB-004,,,,Libreria,Yes,Orange,https://images.sumup.com/img_1GD95DEPX796FBNEYWX7232TVW,,,,,,,Yes,MEIPAI Caja Lapices Colores Hexagonales 12+2 un,,,No,,,b2b242c3-1b25-404a-a8ee-9592c6663fb4,908f6c99-742d-4ac5-a569-28da124da4b2
MIZOS Galletas de arroz integral 20g,,,,,,,,,,Yes,600.00,,No,19.00,No,,No,,,each.each,Yes,13,0,V-COL-008,,,,Colaciones,Yes,Light blue,https://images.sumup.com/img_2P8X11G0Z18EHTZZ7V2RV3AGVK,,,,,,,Yes,MIZOS Galletas de arroz integral 20g,,,No,,,b1e5650d-faf5-46d3-a904-51a0f58860d3,1a217656-cdf4-468f-8cd7-3c13b7cdec81
Mochilas Surtidas,,,,,,,,,,Yes,6500.00,,No,19.00,No,,No,,,each.each,No,0,0,,,,,Libreria,Yes,Orange,https://images.sumup.com/img_6Y3WJSA1Y19EJAD9EG7GFW82QP,,,,,,,No,,,,No,,,3f9ea0e3-8281-46f1-9b4d-868cdd2d6426,b87429d9-54b0-4576-a890-22566ac068f8
NOE Limpiador en Crema,,,,,,,,,,Yes,1450.00,,No,19.00,No,,No,,,each.each,Yes,5,0,V-LIM-037,,,,Limpieza,Yes,Pink,,,,,,,,Yes,NOE Limpiador en Crema,,,No,,,3a647d36-4f99-450c-97de-445898e71e2a,5a79230f-8156-474c-b1ef-03407c8068ff
NOE Limpiador en Crema 750 ml,,,,,,,,,,Yes,1250.00,,No,19.00,No,,No,,,each.each,No,0,0,,,,,Limpieza,Yes,Pink,,,,,,,,Yes,NOE Limpiador en Crema 750 ml,,,,,,d09e6f5e-9c4f-4a1b-8519-b1aa86af236c,ec823abf-1834-4a65-bc76-1dcca0474ec6
NOE Servilletas 23 x 22 cms 300 un,,,,,,,,,,Yes,1050.00,,No,19.00,No,,No,,,each.each,Yes,1,0,V-LIM-013,,,,Limpieza,Yes,Pink,https://images.sumup.com/img_0F7DVST0Z99FQ9MZBGTXB9ZM0P,,,,,,,Yes,NOE Servilletas 23 x 22 cms 300 un,,,No,,,ba7902d8-d57f-48c3-a216-8dacb79107f9,d91b07d0-1cc8-4e0b-9854-288df3a358ec
Nestle Chocapic 30g,,,,,,,,,,Yes,550.00,,No,19.00,No,,No,,,each.each,Yes,2,0,V-COL-007,,,,Colaciones,Yes,Light blue,https://images.sumup.com/img_5EX5DAEM4F9A4VF9P7RD02QBWV,,,,,,,Yes,Nestle Chocapic 30g,,,No,,,2ff2326a-dbb4-4d55-8d88-bc02444af1ba,ea46274d-2ad8-4d43-8f3f-f04b5f796e06
OFFICE TREND Destacadores Pastel Variedades,,,,,,,,,,,,,No,19.00,No,,No,,,each.each,No,,,,,,,Libreria,Yes,,,,,,,,,Yes,OFFICE TREND Destacadores Pastel Variedades,,,No,,,7ee65f47-7cf5-4316-8809-aa2c63cedba3,
,Amarillo Pastel,,,,,,,,,Yes,500.00,,,,,,,,,,,0,0,V-LIB-005-Amar,,,,,,,,,,,,,,,,,,,,,,c3e6a42b-8b41-487e-bf08-fe2497709ba3
,Verde Pastel,,,,,,,,,Yes,500.00,,,,,,,,,,,0,0,V-LIB-005-Verd,,,,,,,,,,,,,,,,,,,,,,6ae35dc0-7184-4c90-83a1-a231ca4987e4
,Durazno Pastel,,,,,,,,,Yes,500.00,,,,,,,,,,,0,0,V-LIB-005-Dura,,,,,,,,,,,,,,,,,,,,,,ed6c451c-7e36-4189-9742-cb938cce0b37
,Morado Pastel,,,,,,,,,Yes,500.00,,,,,,,,,,,0,0,V-LIB-005-Mora,,,,,,,,,,,,,,,,,,,,,,85dbd1d0-0ffb-4feb-87ff-786755a1d344
OMSO Plumon Pizarra Variedades,,,,,,,,,,,,,No,19.00,No,,No,,,each.each,No,,,,,,,Libreria,Yes,Orange,,,,,,,,Yes,OMSO Plumon Pizarra Variedades,,,No,,,9afbc6e1-3996-45d9-9055-a3adccb8038a,
,Azul,,,,,,,,,Yes,300.00,,,,,,,,,,,0,0,V-LIB-008-Azul,,,,,,,,,,,,,,,,,,,,,,3a37a3c0-d440-40a3-8964-e4f1dce455c4
,Negro,,,,,,,,,Yes,300.00,,,,,,,,,,,0,0,V-LIB-008-Negr,,,,,,,,,,,,,,,,,,,,,,43d78e76-48eb-49b5-a05e-da1c1071f2b9
,Rojo,,,,,,,,,Yes,300.00,,,,,,,,,,,0,0,V-LIB-008-Rojo,,,,,,,,,,,,,,,,,,,,,,0c5ea15b-929e-4b37-9ac2-f623fee9f421
OPTIMO Papel Higiénico Doble Hoja Ultra 4 x 50 mt,,,,,,,,,,Yes,2300.00,,No,19.00,No,,No,,,each.each,No,0,0,V-LIM-009,,,,Limpieza,Yes,Pink,https://images.sumup.com/img_0FME1VB9PR96PRE6DS3FPFK0E5,,,,,,,No,,,,No,,,a42031ed-bf01-4891-b640-4dea8bdc03f1,7aec7ce4-c0f3-4328-a8f8-2f2673d24995
OVELLA Toalla Papel XL una Hoja Ultra 80 mt,,,,,,,,,,Yes,2000.00,,No,19.00,No,,No,,,each.each,Yes,10,0,V-LIM-004,,,,Limpieza,Yes,Pink,,,,,,,,Yes,OVELLA Toalla Papel XL una Hoja Ultra 80 mt,,,No,,,5e29deff-82e1-4a09-80c8-3309ab9ef59f,4ad1e684-3c17-4a22-8e10-177641271558
PAPERONE Resma 500 hojas Carta,,,,,,,,,,Yes,4400.00,,No,19.00,No,,No,,,each.each,Yes,0,0,V-LIB-007,,,,Libreria,Yes,Orange,,,,,,,,Yes,PAPERONE Resma 500 hojas Carta,,,No,,,22c626d1-2a89-43cb-9028-76786189d45e,8954cc8c-9d78-49f3-8c98-e05391931fcc
POPEYE Detergente en Barra 170 gms,,,,,,,,,,Yes,1000.00,,No,19.00,No,,No,,,each.each,Yes,4,0,V-LIM-018,,,,Limpieza,Yes,Pink,https://images.sumup.com/img_2763D6PPWF9G88CH19WDNG34CH,,,,,,,Yes,POPEYE Detergente en Barra 170 gms,,,No,,,10f76c5e-74f4-45bb-8d6d-f3bed3d5bf29,f83ae3bb-58dc-47f3-b9d0-9a0c3291880c
PROARTE Cola fria 125 ml,,,,,,,,,,Yes,1000.00,,No,19.00,No,,No,,,each.each,Yes,12,0,V-LIB-019,,,,Libreria,Yes,Orange,https://images.sumup.com/img_4DBEX3VND29XTRSEWKZQ93WE7Z,,,,,,,Yes,PROARTE Cola fria 125 ml,,,No,,,a7f8b93d-16c1-4c25-a1c1-0475e86a742b,121c3f23-c9f4-4888-89f7-52fb6c06d7a2
PROTEX Jabon de Tocador Variedades,,,,,,,,,,,,,No,19.00,No,,No,,,each.each,No,,,,,,,Limpieza,Yes,Pink,https://images.sumup.com/img_30TV6T35VA8WW8F8GRJ4WRPMK8,,,,,,,Yes,PROTEX Jabon de Tocador Variedades,,,No,,,1372ce3c-cd71-402e-9107-6958e8350eaf,
,Avena 85g,,,,,,,,,Yes,800.00,,,,,,,,,,,0,0,V-CPE-006-Aven,,,,,,,,,,,,,,,,,,,,,,55e4ebdf-d90f-42bc-81a5-c462276b23e2
,Glicerina Nutri Protect 125g,,,,,,,,,Yes,950.00,,,,,,,,,,,0,0,V-CPE-006-Glic,,,,,,,,,,,,,,,,,,,,,,ca15314b-c22a-4b01-8117-9fe78e569409
,Aloe Vera 125g,,,,,,,,,Yes,950.00,,,,,,,,,,,0,0,,,,,,,,,,,,,,,,,,,,,,,07b57969-59d3-41dc-bea2-f31e7bdfc163
SCOTT Papel Higiénico Doble Hoja Ultra 4 x 50 mt,,,,,,,,,,Yes,2300.00,,No,19.00,No,,No,,,each.each,Yes,0,0,V-LIM-024,,,,Limpieza,Yes,Pink,https://images.sumup.com/img_3F2S7VQSD592RBQ590CNC5WKG5,,,,,,,Yes,SCOTT Papel Higiénico Doble Hoja Ultra 4 x 50 mt,,,No,,,b82760fd-6ae2-4382-a643-74e11d9cf280,4bb2b046-7534-43bf-9aa1-1c8f0fb05c0c
SMILEY KIDS Compota Manzana/Pera 100g,,,,,,,,,,Yes,350.00,,No,19.00,No,,No,,,each.each,Yes,8,0,V-COL-002,,,,Colaciones,Yes,Light blue,https://images.sumup.com/img_1M2WPAVWNQ82DRBPVNDK0480ZT,,,,,,,Yes,SMILEY KIDS Compota Manzana/Pera 100g,,,No,,,09d65981-3ff7-44d6-8cea-5ee18e4be151,eb7a1a13-2bdf-4fcf-b490-f1886a9256aa
SOFT Suavizante Clasic refill 900 mL,,,,,,,,,,Yes,1200.00,,No,19.00,No,,No,,,each.each,Yes,2,0,V-LIM-034,,,,Limpieza,Yes,Pink,,,,,,,,Yes,SOFT Suavizante Clasic refill 900 mL,,,No,,,00c26491-2438-4031-ae10-300e2451d7db,328ad63a-b790-4e24-a329-f369100029be
SUPER COOL Traperos Humedos,,,,,,,,,,,,,No,19.00,No,,No,,,each.each,No,,,,,,,Limpieza,Yes,Pink,https://images.sumup.com/img_55AV9PSQW19R29PM631FJ752VS,,,,,,,Yes,SUPER COOL Traperos Humedos,,,No,,,d09bfeda-03d8-44e7-bd23-37e8bffb4e96,
,Lavanda,,,,,,,,,Yes,1000.00,,,,,,,,,,,0,0,V-LIM-001-Lava,,,,,,,,,,,,,,,,,,,,,,5b8b9ff2-4c73-45a1-961e-6fd854fc6ad8
,Limon,,,,,,,,,Yes,1000.00,,,,,,,,,,,3,0,V-LIM-001-Limo,2588580415288,,,,,,,,,,,,,,,,,,,,,d090d6f2-7693-4c9a-b12c-25c235123d66
Servilleta Papel Navideña,,,,,,,,,,Yes,800.00,,No,19.00,No,,No,,,each.each,Yes,3,0,V-LIM-006,,,,Limpieza,Yes,Pink,https://images.sumup.com/img_51XTTBW0C48J1VGGHBJX5VFTZK,,,,,,,Yes,Servilleta Papel Navideña,,,No,,,b882ba41-0747-46b7-8c7d-e1838a7dfd9d,65439549-f1e9-434e-b531-d8a65b776e21
Servilleta Papel Swan 24 x 22 cm 300 un,,,,,,,,,,Yes,1000.00,,No,19.00,No,,No,,,each.each,No,9,2,V-LIM-005,,,,Limpieza,Yes,Pink,https://images.sumup.com/img_6J6A1629VB8FF95XSTH2ZXM3KA,,,,,,,Yes,Servilleta Papel Swan 24 x 22 cm 300 un,,,No,,,0e0af5f5-f759-4e21-8ca6-a20cfd3025f1,29b818f3-a3c7-4ec7-bf00-b82d4948aaa9
Set Luces de emergencia + Control Remoto,,,,,,,,,,Yes,8000.00,,No,19.00,No,,No,,,each.each,Yes,3,0,V-ELE-004,,,,Electronica,Yes,Light red,https://images.sumup.com/img_64KWMHW9D18ZD8BYTYVHTXJ1H0,,,,,,,Yes,Set Luces de emergencia + Control Remoto,,,No,,,e89b383b-dcab-42fe-969c-59ad6c9e1a36,dae54fb7-8c98-4baa-92ff-d14ec15424fb
TIA LIA Snackbar Cranberry,,,,,,,,,,Yes,200.00,,No,19.00,No,,No,,,each.each,Yes,0,0,V-COL-003,,,,Colaciones,Yes,Light blue,,,,,,,,Yes,TIA LIA Snackbar Cranberry,,,No,,,a67363ca-9381-4fad-b17a-b5788a817df2,bd74a447-4da5-40cc-b773-0df3b9ab90ab
TORK Papel Higiénico Doble Hoja Ultra 4 x 50 mt,,,,,,,,,,Yes,2500.00,,No,19.00,No,,No,,,each.each,Yes,0,0,V-LIM-029,,,,Limpieza,Yes,Pink,https://images.sumup.com/img_1WNS57Z3VA9379WR0E5T4NQGDG,,,,,,,Yes,TORK Papel Higiénico Doble Hoja Ultra 4 x 50 mt,,,No,,,14ee91a3-4cf5-455d-a50f-1abb878ee364,a2be497d-5d7e-4d3a-a7b2-20d1d9384630
TORK Toalla Papel Doble Hoja 2 x 24 mt,,,,,,,,,,Yes,1600.00,,No,19.00,No,,No,,,each.each,Yes,7,0,V-LIM-010,,,,Limpieza,Yes,Pink,https://images.sumup.com/img_558GFX4HN69EC9XJHJQ1D8FFS5,,,,,,,Yes,TORK Toalla Papel Doble Hoja 2 x 24 mt,,,No,,,1e4fe66e-2f7a-404d-8888-68e18474a611,bc6d2b4d-bdda-49fb-b98d-7e7b19f5da90
"TORRE Cuaderno Tapa Blanda, Mat 7mm DBZ",,,,,,,,,,Yes,2000.00,,No,19.00,No,,No,,,each.each,Yes,8,0,V-LIB-006,,,,Libreria,Yes,Orange,,,,,,,,Yes,"TORRE Cuaderno Tapa Blanda, Mat 7mm DBZ",,,No,,,75bebe04-e495-4457-9c62-f800f36d51ae,426ade9b-676c-4411-9997-82d44b76832d
Toalla Microfibra,,,,,,,,,,Yes,5000.00,,No,19.00,No,,No,,,each.each,Yes,1,0,V-BOU-002,,,,Boutique,Yes,Light red,,,,,,,,Yes,Toalla Microfibra,,,No,,,d42f0c0b-eb76-46d3-b8a2-5b510eb29e7d,ab3d77b3-037b-4b33-bbae-67f13a8a21d2
Toalla Papel Ovella una Hoja Ultra 80 mt,,,,,,,,,,Yes,2000.00,,No,19.00,No,,No,,,each.each,No,2,1,V-LIM-004,,,,Limpieza,Yes,Pink,https://images.sumup.com/img_6MAVGY6P8E9STTAQ3N18JHKAZ1,,,,,,,Yes,Toalla Papel Ovella una Hoja Ultra 80 mt,,,No,,,e032cb2d-ff98-480b-9740-551f9e72d538,46d731bf-57cb-4fbc-b78a-2179cc898b2b
Toallitas Humedas desechables,,,,,,,,,,Yes,1000.00,,No,19.00,No,,No,,,each.each,Yes,3,0,V-LIM-002,,,,Limpieza,Yes,Pink,https://images.sumup.com/img_7WGQ08RQJ38PFRAZ59XKKQC6NV,,,,,,,Yes,Toallitas Humedas desechables,,,No,,,b64268b1-a6a1-4e87-8dde-12bcdcfa9d6a,1a172652-3299-48e9-8f65-5bf320a224aa
V-STORE Compas Escolar,,,,,,,,,,Yes,800.00,,No,19.00,No,,No,,,each.each,Yes,5,0,V-LIB-018,,,,Libreria,Yes,Orange,https://images.sumup.com/img_5R71CGEF6T82A9D4N8JMNYQQSK,,,,,,,Yes,V-STORE Compas Escolar,,,No,,,05324e87-8d57-43da-aee8-ab7630dc72fa,917a69f2-cd89-46c5-b9c3-1d661d80b602
V-STORE Cuaderno College Mat 7 mm 70 hojas,,,,,,,,,,Yes,800.00,,No,19.00,No,,No,,,each.each,Yes,12,0,V-LIB-016,,,,Libreria,Yes,Orange,https://images.sumup.com/img_3SF88FNA6M9N0BMYAKR79G6H9C,,,,,,,Yes,V-STORE Cuaderno College Mat 7 mm 70 hojas,,,No,,,f7af8499-4dea-449c-8daa-6131914be74d,318ee809-850b-4752-a525-3a61c071dcf4
V-STORE Esponja de Cocina Variedades,,,,,,,,,,,,,No,19.00,No,,No,,,each.each,No,,,,,,,Limpieza,Yes,Pink,,,,,,,,Yes,V-STORE Esponja de Cocina Variedades,,,No,,,31ff1d5f-74e8-49bf-b1ff-718d86881b95,
,Esponja Acanalada,,,,,,,,,Yes,200.00,,,,,,,,,,,0,0,V-LIM-026-Acan,,,,,,,,,,,,,,,,,,,,,,a83306fc-3ac9-4241-94cb-82fa6ef8b071
,Esponja Lisa,,,,,,,,,Yes,200.00,,,,,,,,,,,0,0,V-LIM-026-Lisa,,,,,,,,,,,,,,,,,,,,,,918e26fa-bba2-4e61-8bfc-b6b134a119af
V-STORE Pastillas de limpieza para lavadora,,,,,,,,,,Yes,2000.00,,No,19.00,No,,No,,,each.each,Yes,5,0,V-LIM-007,,,,Limpieza,Yes,Pink,https://images.sumup.com/img_2ME5X1BFYK9ER8X9R9V13X8PK8,,,,,,,Yes,V-STORE Pastillas de limpieza para lavadora,,,No,,,b4756415-63a6-4619-923c-8796d1cc961c,6bac07c7-4f46-4628-b59f-3693bf9f8416
V-STORE Ser 2 TIjeras Adulto,,,,,,,,,,Yes,1500.00,,No,19.00,No,,No,,,each.each,Yes,1,0,V-LIB-013,,,,Libreria,Yes,Orange,,,,,,,,Yes,V-STORE Ser 2 TIjeras Adulto,,,No,,,d3f9bbbb-4cd4-4a33-b973-86380d14a634,e92af7b7-0264-4223-a684-f4414a20b88c
V-STORE Set taza ceramica 3pz oso,,,,,,,,,,Yes,5000.00,,No,19.00,No,,No,,,each.each,Yes,3,0,V-MEN-001,,,,Menaje,Yes,Dark red,https://images.sumup.com/img_0PTTJ0DV149HT9R9RM5YFAEWQS,https://images.sumup.com/img_7W5WMWHGWJ9Z3TFAS6V0DXRSDN,,,,,,Yes,V-STORE Set taza ceramica 3pz oso,,,No,,,358e031b-d66b-48ba-a21b-a6951463d447,2c563669-d3c4-4c48-b7ec-31f6bb252e79
V-STORE Tijeras Escolares Punta Roma,,,,,,,,,,Yes,800.00,,No,19.00,No,,No,,,each.each,Yes,6,0,V-LIB-017,,,,Libreria,Yes,Orange,https://images.sumup.com/img_795TDFJA9Q8VDSP400GFSQ8XDE,,,,,,,Yes,V-STORE Tijeras Escolares Punta Roma,,,No,,,85cae7a4-fb8c-45e4-83ce-7ca879ca6886,bdfd0589-89a8-42ae-82e4-e0882d514ce0
V-STORE Toallitas Antigrasa 80 u,,,,,,,,,,Yes,1400.00,,No,19.00,No,,No,,,each.each,Yes,4,0,V-LIM-031,,,,Limpieza,Yes,Pink,https://images.sumup.com/img_4F2M07H3YT9GJ817F0C06TV6PQ,,,,,,,Yes,V-STORE Toallitas Antigrasa 80 u,,,No,,,87838879-5965-42f2-838a-247c9c43a7f4,43288af0-c0fa-4df4-b857-2627ce2b6b6e
WATTS Jugo 100% Fruta,,,,,,,,,,,,,No,19.00,No,,No,,,each.each,No,,,,,,,Colaciones,Yes,Light blue,https://images.sumup.com/img_1QHF6YC50Q84GVEK7DY4YW05RJ,,,,,,,Yes,WATTS Jugo 100% Fruta,,,No,,,83b5deea-c950-4c68-b4c0-7e3842d06d6d,
,Naranja,,,,,,,,,Yes,550.00,,,,,,,,,,,5,0,V-COL-006-Nara,,,,,,,,,,,,,,,,,,,,,,cc6dc29b-0ae8-443d-9850-bdec6838be9c
,Naranja-Manzana,,,,,,,,,Yes,550.00,,,,,,,,,,,3,0,V-COL-006-NaMa,,,,,,,,,,,,,,,,,,,,,,85be7db9-255b-493c-9b0b-31ec828c876e
